{
  "service": {
    "service": "doing-great-backend",
    "serviceObject": {
      "name": "doing-great-backend"
    },
    "provider": {
      "name": "aws",
      "runtime": "nodejs12.x",
      "environment": {
        "DOMAIN_SUFFIX": "youre-doing-great"
      },
      "lambdaHashingVersion": "20201221",
      "profile": "serverlessUser",
      "stage": "dev",
      "region": "ca-central-1",
      "httpApi": {
        "cors": true
      },
      "iamRoleStatements": [
        {
          "Effect": "Allow",
          "Action": [
            "dynamodb:*",
            "lambda:*"
          ],
          "Resource": "*"
        }
      ],
      "versionFunctions": true,
      "compiledCloudFormationTemplate": {
        "AWSTemplateFormatVersion": "2010-09-09",
        "Description": "The AWS CloudFormation template for this Serverless application",
        "Resources": {
          "ServerlessDeploymentBucket": {
            "Type": "AWS::S3::Bucket",
            "Properties": {
              "BucketEncryption": {
                "ServerSideEncryptionConfiguration": [
                  {
                    "ServerSideEncryptionByDefault": {
                      "SSEAlgorithm": "AES256"
                    }
                  }
                ]
              }
            }
          },
          "ServerlessDeploymentBucketPolicy": {
            "Type": "AWS::S3::BucketPolicy",
            "Properties": {
              "Bucket": {
                "Ref": "ServerlessDeploymentBucket"
              },
              "PolicyDocument": {
                "Statement": [
                  {
                    "Action": "s3:*",
                    "Effect": "Deny",
                    "Principal": "*",
                    "Resource": [
                      {
                        "Fn::Join": [
                          "",
                          [
                            "arn:",
                            {
                              "Ref": "AWS::Partition"
                            },
                            ":s3:::",
                            {
                              "Ref": "ServerlessDeploymentBucket"
                            },
                            "/*"
                          ]
                        ]
                      },
                      {
                        "Fn::Join": [
                          "",
                          [
                            "arn:",
                            {
                              "Ref": "AWS::Partition"
                            },
                            ":s3:::",
                            {
                              "Ref": "ServerlessDeploymentBucket"
                            }
                          ]
                        ]
                      }
                    ],
                    "Condition": {
                      "Bool": {
                        "aws:SecureTransport": false
                      }
                    }
                  }
                ]
              }
            }
          },
          "RegisterDashaccountLogGroup": {
            "Type": "AWS::Logs::LogGroup",
            "Properties": {
              "LogGroupName": "/aws/lambda/doing-great-backend-dev-register-account"
            }
          },
          "AppDashloadLogGroup": {
            "Type": "AWS::Logs::LogGroup",
            "Properties": {
              "LogGroupName": "/aws/lambda/doing-great-backend-dev-app-load"
            }
          },
          "CallDashmeLogGroup": {
            "Type": "AWS::Logs::LogGroup",
            "Properties": {
              "LogGroupName": "/aws/lambda/doing-great-backend-dev-call-me"
            }
          },
          "TextDashmeLogGroup": {
            "Type": "AWS::Logs::LogGroup",
            "Properties": {
              "LogGroupName": "/aws/lambda/doing-great-backend-dev-text-me"
            }
          },
          "AddDashmessageLogGroup": {
            "Type": "AWS::Logs::LogGroup",
            "Properties": {
              "LogGroupName": "/aws/lambda/doing-great-backend-dev-add-message"
            }
          },
          "RemoveDashmessageLogGroup": {
            "Type": "AWS::Logs::LogGroup",
            "Properties": {
              "LogGroupName": "/aws/lambda/doing-great-backend-dev-remove-message"
            }
          },
          "IamRoleLambdaExecution": {
            "Type": "AWS::IAM::Role",
            "Properties": {
              "AssumeRolePolicyDocument": {
                "Version": "2012-10-17",
                "Statement": [
                  {
                    "Effect": "Allow",
                    "Principal": {
                      "Service": [
                        "lambda.amazonaws.com"
                      ]
                    },
                    "Action": [
                      "sts:AssumeRole"
                    ]
                  }
                ]
              },
              "Policies": [
                {
                  "PolicyName": {
                    "Fn::Join": [
                      "-",
                      [
                        "doing-great-backend",
                        "dev",
                        "lambda"
                      ]
                    ]
                  },
                  "PolicyDocument": {
                    "Version": "2012-10-17",
                    "Statement": [
                      {
                        "Effect": "Allow",
                        "Action": [
                          "logs:CreateLogStream",
                          "logs:CreateLogGroup"
                        ],
                        "Resource": [
                          {
                            "Fn::Sub": "arn:${AWS::Partition}:logs:${AWS::Region}:${AWS::AccountId}:log-group:/aws/lambda/doing-great-backend-dev*:*"
                          }
                        ]
                      },
                      {
                        "Effect": "Allow",
                        "Action": [
                          "logs:PutLogEvents"
                        ],
                        "Resource": [
                          {
                            "Fn::Sub": "arn:${AWS::Partition}:logs:${AWS::Region}:${AWS::AccountId}:log-group:/aws/lambda/doing-great-backend-dev*:*:*"
                          }
                        ]
                      },
                      {
                        "$ref": "$[\"service\"][\"provider\"][\"iamRoleStatements\"][0]"
                      }
                    ]
                  }
                }
              ],
              "Path": "/",
              "RoleName": {
                "Fn::Join": [
                  "-",
                  [
                    "doing-great-backend",
                    "dev",
                    {
                      "Ref": "AWS::Region"
                    },
                    "lambdaRole"
                  ]
                ]
              }
            }
          },
          "RegisterDashaccountLambdaFunction": {
            "Type": "AWS::Lambda::Function",
            "Properties": {
              "Code": {
                "S3Bucket": {
                  "Ref": "ServerlessDeploymentBucket"
                },
                "S3Key": "serverless/doing-great-backend/dev/1642896729345-2022-01-23T00:12:09.345Z/doing-great-backend.zip"
              },
              "Handler": "endpoints/http-register-account.handler",
              "Runtime": "nodejs12.x",
              "FunctionName": "doing-great-backend-dev-register-account",
              "MemorySize": 1024,
              "Timeout": 6,
              "Environment": {
                "Variables": {
                  "DOMAIN_SUFFIX": "youre-doing-great"
                }
              },
              "Role": {
                "Fn::GetAtt": [
                  "IamRoleLambdaExecution",
                  "Arn"
                ]
              }
            },
            "DependsOn": [
              "RegisterDashaccountLogGroup"
            ]
          },
          "AppDashloadLambdaFunction": {
            "Type": "AWS::Lambda::Function",
            "Properties": {
              "Code": {
                "S3Bucket": {
                  "Ref": "ServerlessDeploymentBucket"
                },
                "S3Key": "serverless/doing-great-backend/dev/1642896729345-2022-01-23T00:12:09.345Z/doing-great-backend.zip"
              },
              "Handler": "endpoints/http-app-load.handler",
              "Runtime": "nodejs12.x",
              "FunctionName": "doing-great-backend-dev-app-load",
              "MemorySize": 1024,
              "Timeout": 6,
              "Environment": {
                "Variables": {
                  "DOMAIN_SUFFIX": "youre-doing-great"
                }
              },
              "Role": {
                "Fn::GetAtt": [
                  "IamRoleLambdaExecution",
                  "Arn"
                ]
              }
            },
            "DependsOn": [
              "AppDashloadLogGroup"
            ]
          },
          "CallDashmeLambdaFunction": {
            "Type": "AWS::Lambda::Function",
            "Properties": {
              "Code": {
                "S3Bucket": {
                  "Ref": "ServerlessDeploymentBucket"
                },
                "S3Key": "serverless/doing-great-backend/dev/1642896729345-2022-01-23T00:12:09.345Z/doing-great-backend.zip"
              },
              "Handler": "endpoints/http-call-me.handler",
              "Runtime": "nodejs12.x",
              "FunctionName": "doing-great-backend-dev-call-me",
              "MemorySize": 1024,
              "Timeout": 6,
              "Environment": {
                "Variables": {
                  "DOMAIN_SUFFIX": "youre-doing-great"
                }
              },
              "Role": {
                "Fn::GetAtt": [
                  "IamRoleLambdaExecution",
                  "Arn"
                ]
              }
            },
            "DependsOn": [
              "CallDashmeLogGroup"
            ]
          },
          "TextDashmeLambdaFunction": {
            "Type": "AWS::Lambda::Function",
            "Properties": {
              "Code": {
                "S3Bucket": {
                  "Ref": "ServerlessDeploymentBucket"
                },
                "S3Key": "serverless/doing-great-backend/dev/1642896729345-2022-01-23T00:12:09.345Z/doing-great-backend.zip"
              },
              "Handler": "endpoints/http-text-me.handler",
              "Runtime": "nodejs12.x",
              "FunctionName": "doing-great-backend-dev-text-me",
              "MemorySize": 1024,
              "Timeout": 6,
              "Environment": {
                "Variables": {
                  "DOMAIN_SUFFIX": "youre-doing-great"
                }
              },
              "Role": {
                "Fn::GetAtt": [
                  "IamRoleLambdaExecution",
                  "Arn"
                ]
              }
            },
            "DependsOn": [
              "TextDashmeLogGroup"
            ]
          },
          "AddDashmessageLambdaFunction": {
            "Type": "AWS::Lambda::Function",
            "Properties": {
              "Code": {
                "S3Bucket": {
                  "Ref": "ServerlessDeploymentBucket"
                },
                "S3Key": "serverless/doing-great-backend/dev/1642896729345-2022-01-23T00:12:09.345Z/doing-great-backend.zip"
              },
              "Handler": "endpoints/http-add-message.handler",
              "Runtime": "nodejs12.x",
              "FunctionName": "doing-great-backend-dev-add-message",
              "MemorySize": 1024,
              "Timeout": 6,
              "Environment": {
                "Variables": {
                  "DOMAIN_SUFFIX": "youre-doing-great"
                }
              },
              "Role": {
                "Fn::GetAtt": [
                  "IamRoleLambdaExecution",
                  "Arn"
                ]
              }
            },
            "DependsOn": [
              "AddDashmessageLogGroup"
            ]
          },
          "RemoveDashmessageLambdaFunction": {
            "Type": "AWS::Lambda::Function",
            "Properties": {
              "Code": {
                "S3Bucket": {
                  "Ref": "ServerlessDeploymentBucket"
                },
                "S3Key": "serverless/doing-great-backend/dev/1642896729345-2022-01-23T00:12:09.345Z/doing-great-backend.zip"
              },
              "Handler": "endpoints/http-remove-message.handler",
              "Runtime": "nodejs12.x",
              "FunctionName": "doing-great-backend-dev-remove-message",
              "MemorySize": 1024,
              "Timeout": 6,
              "Environment": {
                "Variables": {
                  "DOMAIN_SUFFIX": "youre-doing-great"
                }
              },
              "Role": {
                "Fn::GetAtt": [
                  "IamRoleLambdaExecution",
                  "Arn"
                ]
              }
            },
            "DependsOn": [
              "RemoveDashmessageLogGroup"
            ]
          },
          "RegisterDashaccountLambdaVersionLowAUhE7OzVSXcttUOx9TrT6ymLaXVWw7dhBhPfDqE": {
            "Type": "AWS::Lambda::Version",
            "DeletionPolicy": "Retain",
            "Properties": {
              "FunctionName": {
                "Ref": "RegisterDashaccountLambdaFunction"
              },
              "CodeSha256": "6hmNdC+dXC152XO7Z6pw66VaU/IBj77bPW82FRqJtfs="
            }
          },
          "AppDashloadLambdaVersionhaok0udwnPYWyb3FPTUG1Qvy8NAZA1s6MaBZuQu8FF4": {
            "Type": "AWS::Lambda::Version",
            "DeletionPolicy": "Retain",
            "Properties": {
              "FunctionName": {
                "Ref": "AppDashloadLambdaFunction"
              },
              "CodeSha256": "6hmNdC+dXC152XO7Z6pw66VaU/IBj77bPW82FRqJtfs="
            }
          },
          "CallDashmeLambdaVersionZuldBvHU7B3E7a4Q5eO08SumIDVT4xJg1Pw5rcY5rLk": {
            "Type": "AWS::Lambda::Version",
            "DeletionPolicy": "Retain",
            "Properties": {
              "FunctionName": {
                "Ref": "CallDashmeLambdaFunction"
              },
              "CodeSha256": "6hmNdC+dXC152XO7Z6pw66VaU/IBj77bPW82FRqJtfs="
            }
          },
          "TextDashmeLambdaVersionvOU9F9GrKSm1j0bZYHBsyWuYnblzzFqkN6XmkQLBes": {
            "Type": "AWS::Lambda::Version",
            "DeletionPolicy": "Retain",
            "Properties": {
              "FunctionName": {
                "Ref": "TextDashmeLambdaFunction"
              },
              "CodeSha256": "6hmNdC+dXC152XO7Z6pw66VaU/IBj77bPW82FRqJtfs="
            }
          },
          "AddDashmessageLambdaVersionAQO5SN9QV2ls02IaU4kOksGnQjyAG4xTQTcjovNk": {
            "Type": "AWS::Lambda::Version",
            "DeletionPolicy": "Retain",
            "Properties": {
              "FunctionName": {
                "Ref": "AddDashmessageLambdaFunction"
              },
              "CodeSha256": "6hmNdC+dXC152XO7Z6pw66VaU/IBj77bPW82FRqJtfs="
            }
          },
          "RemoveDashmessageLambdaVersion12LxrMzCgcuZsFyV22w0JWefPAre1goGKDV26gFWuw": {
            "Type": "AWS::Lambda::Version",
            "DeletionPolicy": "Retain",
            "Properties": {
              "FunctionName": {
                "Ref": "RemoveDashmessageLambdaFunction"
              },
              "CodeSha256": "6hmNdC+dXC152XO7Z6pw66VaU/IBj77bPW82FRqJtfs="
            }
          },
          "ApiGatewayRestApi": {
            "Type": "AWS::ApiGateway::RestApi",
            "Properties": {
              "Name": "dev-doing-great-backend",
              "EndpointConfiguration": {
                "Types": [
                  "EDGE"
                ]
              },
              "Policy": ""
            }
          },
          "ApiGatewayResourceCall": {
            "Type": "AWS::ApiGateway::Resource",
            "Properties": {
              "ParentId": {
                "Fn::GetAtt": [
                  "ApiGatewayRestApi",
                  "RootResourceId"
                ]
              },
              "PathPart": "call",
              "RestApiId": {
                "Ref": "ApiGatewayRestApi"
              }
            }
          },
          "ApiGatewayResourceText": {
            "Type": "AWS::ApiGateway::Resource",
            "Properties": {
              "ParentId": {
                "Fn::GetAtt": [
                  "ApiGatewayRestApi",
                  "RootResourceId"
                ]
              },
              "PathPart": "text",
              "RestApiId": {
                "Ref": "ApiGatewayRestApi"
              }
            }
          },
          "ApiGatewayResourceMessages": {
            "Type": "AWS::ApiGateway::Resource",
            "Properties": {
              "ParentId": {
                "Fn::GetAtt": [
                  "ApiGatewayRestApi",
                  "RootResourceId"
                ]
              },
              "PathPart": "messages",
              "RestApiId": {
                "Ref": "ApiGatewayRestApi"
              }
            }
          },
          "ApiGatewayMethodOptions": {
            "Type": "AWS::ApiGateway::Method",
            "Properties": {
              "AuthorizationType": "NONE",
              "HttpMethod": "OPTIONS",
              "MethodResponses": [
                {
                  "StatusCode": "200",
                  "ResponseParameters": {
                    "method.response.header.Access-Control-Allow-Origin": true,
                    "method.response.header.Access-Control-Allow-Headers": true,
                    "method.response.header.Access-Control-Allow-Methods": true
                  },
                  "ResponseModels": {}
                }
              ],
              "RequestParameters": {},
              "Integration": {
                "Type": "MOCK",
                "RequestTemplates": {
                  "application/json": "{statusCode:200}"
                },
                "ContentHandling": "CONVERT_TO_TEXT",
                "IntegrationResponses": [
                  {
                    "StatusCode": "200",
                    "ResponseParameters": {
                      "method.response.header.Access-Control-Allow-Origin": "'*'",
                      "method.response.header.Access-Control-Allow-Headers": "'Content-Type,X-Amz-Date,Authorization,X-Api-Key,X-Amz-Security-Token,X-Amz-User-Agent'",
                      "method.response.header.Access-Control-Allow-Methods": "'OPTIONS,GET'"
                    },
                    "ResponseTemplates": {
                      "application/json": ""
                    }
                  }
                ]
              },
              "ResourceId": {
                "Fn::GetAtt": [
                  "ApiGatewayRestApi",
                  "RootResourceId"
                ]
              },
              "RestApiId": {
                "Ref": "ApiGatewayRestApi"
              }
            }
          },
          "ApiGatewayMethodCallOptions": {
            "Type": "AWS::ApiGateway::Method",
            "Properties": {
              "AuthorizationType": "NONE",
              "HttpMethod": "OPTIONS",
              "MethodResponses": [
                {
                  "StatusCode": "200",
                  "ResponseParameters": {
                    "method.response.header.Access-Control-Allow-Origin": true,
                    "method.response.header.Access-Control-Allow-Headers": true,
                    "method.response.header.Access-Control-Allow-Methods": true
                  },
                  "ResponseModels": {}
                }
              ],
              "RequestParameters": {},
              "Integration": {
                "Type": "MOCK",
                "RequestTemplates": {
                  "application/json": "{statusCode:200}"
                },
                "ContentHandling": "CONVERT_TO_TEXT",
                "IntegrationResponses": [
                  {
                    "StatusCode": "200",
                    "ResponseParameters": {
                      "method.response.header.Access-Control-Allow-Origin": "'*'",
                      "method.response.header.Access-Control-Allow-Headers": "'Content-Type,X-Amz-Date,Authorization,X-Api-Key,X-Amz-Security-Token,X-Amz-User-Agent'",
                      "method.response.header.Access-Control-Allow-Methods": "'OPTIONS,PUT'"
                    },
                    "ResponseTemplates": {
                      "application/json": ""
                    }
                  }
                ]
              },
              "ResourceId": {
                "Ref": "ApiGatewayResourceCall"
              },
              "RestApiId": {
                "Ref": "ApiGatewayRestApi"
              }
            }
          },
          "ApiGatewayMethodTextOptions": {
            "Type": "AWS::ApiGateway::Method",
            "Properties": {
              "AuthorizationType": "NONE",
              "HttpMethod": "OPTIONS",
              "MethodResponses": [
                {
                  "StatusCode": "200",
                  "ResponseParameters": {
                    "method.response.header.Access-Control-Allow-Origin": true,
                    "method.response.header.Access-Control-Allow-Headers": true,
                    "method.response.header.Access-Control-Allow-Methods": true
                  },
                  "ResponseModels": {}
                }
              ],
              "RequestParameters": {},
              "Integration": {
                "Type": "MOCK",
                "RequestTemplates": {
                  "application/json": "{statusCode:200}"
                },
                "ContentHandling": "CONVERT_TO_TEXT",
                "IntegrationResponses": [
                  {
                    "StatusCode": "200",
                    "ResponseParameters": {
                      "method.response.header.Access-Control-Allow-Origin": "'*'",
                      "method.response.header.Access-Control-Allow-Headers": "'Content-Type,X-Amz-Date,Authorization,X-Api-Key,X-Amz-Security-Token,X-Amz-User-Agent'",
                      "method.response.header.Access-Control-Allow-Methods": "'OPTIONS,PUT'"
                    },
                    "ResponseTemplates": {
                      "application/json": ""
                    }
                  }
                ]
              },
              "ResourceId": {
                "Ref": "ApiGatewayResourceText"
              },
              "RestApiId": {
                "Ref": "ApiGatewayRestApi"
              }
            }
          },
          "ApiGatewayMethodMessagesOptions": {
            "Type": "AWS::ApiGateway::Method",
            "Properties": {
              "AuthorizationType": "NONE",
              "HttpMethod": "OPTIONS",
              "MethodResponses": [
                {
                  "StatusCode": "200",
                  "ResponseParameters": {
                    "method.response.header.Access-Control-Allow-Origin": true,
                    "method.response.header.Access-Control-Allow-Headers": true,
                    "method.response.header.Access-Control-Allow-Methods": true
                  },
                  "ResponseModels": {}
                }
              ],
              "RequestParameters": {},
              "Integration": {
                "Type": "MOCK",
                "RequestTemplates": {
                  "application/json": "{statusCode:200}"
                },
                "ContentHandling": "CONVERT_TO_TEXT",
                "IntegrationResponses": [
                  {
                    "StatusCode": "200",
                    "ResponseParameters": {
                      "method.response.header.Access-Control-Allow-Origin": "'*'",
                      "method.response.header.Access-Control-Allow-Headers": "'Content-Type,X-Amz-Date,Authorization,X-Api-Key,X-Amz-Security-Token,X-Amz-User-Agent'",
                      "method.response.header.Access-Control-Allow-Methods": "'OPTIONS,DELETE,PUT'"
                    },
                    "ResponseTemplates": {
                      "application/json": ""
                    }
                  }
                ]
              },
              "ResourceId": {
                "Ref": "ApiGatewayResourceMessages"
              },
              "RestApiId": {
                "Ref": "ApiGatewayRestApi"
              }
            }
          },
          "ApiGatewayMethodGet": {
            "Type": "AWS::ApiGateway::Method",
            "Properties": {
              "HttpMethod": "GET",
              "RequestParameters": {},
              "ResourceId": {
                "Fn::GetAtt": [
                  "ApiGatewayRestApi",
                  "RootResourceId"
                ]
              },
              "RestApiId": {
                "Ref": "ApiGatewayRestApi"
              },
              "ApiKeyRequired": false,
              "AuthorizationType": "COGNITO_USER_POOLS",
              "AuthorizerId": {
                "Ref": "ApiGatewayAuthorizer"
              },
              "Integration": {
                "IntegrationHttpMethod": "POST",
                "Type": "AWS_PROXY",
                "Uri": {
                  "Fn::Join": [
                    "",
                    [
                      "arn:",
                      {
                        "Ref": "AWS::Partition"
                      },
                      ":apigateway:",
                      {
                        "Ref": "AWS::Region"
                      },
                      ":lambda:path/2015-03-31/functions/",
                      {
                        "Fn::GetAtt": [
                          "AppDashloadLambdaFunction",
                          "Arn"
                        ]
                      },
                      "/invocations"
                    ]
                  ]
                }
              },
              "MethodResponses": []
            },
            "DependsOn": [
              "AppDashloadLambdaPermissionApiGateway"
            ]
          },
          "ApiGatewayMethodCallPut": {
            "Type": "AWS::ApiGateway::Method",
            "Properties": {
              "HttpMethod": "PUT",
              "RequestParameters": {},
              "ResourceId": {
                "Ref": "ApiGatewayResourceCall"
              },
              "RestApiId": {
                "Ref": "ApiGatewayRestApi"
              },
              "ApiKeyRequired": false,
              "AuthorizationType": "COGNITO_USER_POOLS",
              "AuthorizerId": {
                "Ref": "ApiGatewayAuthorizer"
              },
              "Integration": {
                "IntegrationHttpMethod": "POST",
                "Type": "AWS_PROXY",
                "Uri": {
                  "Fn::Join": [
                    "",
                    [
                      "arn:",
                      {
                        "Ref": "AWS::Partition"
                      },
                      ":apigateway:",
                      {
                        "Ref": "AWS::Region"
                      },
                      ":lambda:path/2015-03-31/functions/",
                      {
                        "Fn::GetAtt": [
                          "CallDashmeLambdaFunction",
                          "Arn"
                        ]
                      },
                      "/invocations"
                    ]
                  ]
                }
              },
              "MethodResponses": []
            },
            "DependsOn": [
              "CallDashmeLambdaPermissionApiGateway"
            ]
          },
          "ApiGatewayMethodTextPut": {
            "Type": "AWS::ApiGateway::Method",
            "Properties": {
              "HttpMethod": "PUT",
              "RequestParameters": {},
              "ResourceId": {
                "Ref": "ApiGatewayResourceText"
              },
              "RestApiId": {
                "Ref": "ApiGatewayRestApi"
              },
              "ApiKeyRequired": false,
              "AuthorizationType": "COGNITO_USER_POOLS",
              "AuthorizerId": {
                "Ref": "ApiGatewayAuthorizer"
              },
              "Integration": {
                "IntegrationHttpMethod": "POST",
                "Type": "AWS_PROXY",
                "Uri": {
                  "Fn::Join": [
                    "",
                    [
                      "arn:",
                      {
                        "Ref": "AWS::Partition"
                      },
                      ":apigateway:",
                      {
                        "Ref": "AWS::Region"
                      },
                      ":lambda:path/2015-03-31/functions/",
                      {
                        "Fn::GetAtt": [
                          "TextDashmeLambdaFunction",
                          "Arn"
                        ]
                      },
                      "/invocations"
                    ]
                  ]
                }
              },
              "MethodResponses": []
            },
            "DependsOn": [
              "TextDashmeLambdaPermissionApiGateway"
            ]
          },
          "ApiGatewayMethodMessagesPut": {
            "Type": "AWS::ApiGateway::Method",
            "Properties": {
              "HttpMethod": "PUT",
              "RequestParameters": {},
              "ResourceId": {
                "Ref": "ApiGatewayResourceMessages"
              },
              "RestApiId": {
                "Ref": "ApiGatewayRestApi"
              },
              "ApiKeyRequired": false,
              "AuthorizationType": "COGNITO_USER_POOLS",
              "AuthorizerId": {
                "Ref": "ApiGatewayAuthorizer"
              },
              "Integration": {
                "IntegrationHttpMethod": "POST",
                "Type": "AWS_PROXY",
                "Uri": {
                  "Fn::Join": [
                    "",
                    [
                      "arn:",
                      {
                        "Ref": "AWS::Partition"
                      },
                      ":apigateway:",
                      {
                        "Ref": "AWS::Region"
                      },
                      ":lambda:path/2015-03-31/functions/",
                      {
                        "Fn::GetAtt": [
                          "AddDashmessageLambdaFunction",
                          "Arn"
                        ]
                      },
                      "/invocations"
                    ]
                  ]
                }
              },
              "MethodResponses": []
            },
            "DependsOn": [
              "AddDashmessageLambdaPermissionApiGateway"
            ]
          },
          "ApiGatewayMethodMessagesDelete": {
            "Type": "AWS::ApiGateway::Method",
            "Properties": {
              "HttpMethod": "DELETE",
              "RequestParameters": {},
              "ResourceId": {
                "Ref": "ApiGatewayResourceMessages"
              },
              "RestApiId": {
                "Ref": "ApiGatewayRestApi"
              },
              "ApiKeyRequired": false,
              "AuthorizationType": "COGNITO_USER_POOLS",
              "AuthorizerId": {
                "Ref": "ApiGatewayAuthorizer"
              },
              "Integration": {
                "IntegrationHttpMethod": "POST",
                "Type": "AWS_PROXY",
                "Uri": {
                  "Fn::Join": [
                    "",
                    [
                      "arn:",
                      {
                        "Ref": "AWS::Partition"
                      },
                      ":apigateway:",
                      {
                        "Ref": "AWS::Region"
                      },
                      ":lambda:path/2015-03-31/functions/",
                      {
                        "Fn::GetAtt": [
                          "RemoveDashmessageLambdaFunction",
                          "Arn"
                        ]
                      },
                      "/invocations"
                    ]
                  ]
                }
              },
              "MethodResponses": []
            },
            "DependsOn": [
              "RemoveDashmessageLambdaPermissionApiGateway"
            ]
          },
          "ApiGatewayDeployment1642896726234": {
            "Type": "AWS::ApiGateway::Deployment",
            "Properties": {
              "RestApiId": {
                "Ref": "ApiGatewayRestApi"
              },
              "StageName": "dev"
            },
            "DependsOn": [
              "ApiGatewayMethodOptions",
              "ApiGatewayMethodCallOptions",
              "ApiGatewayMethodTextOptions",
              "ApiGatewayMethodMessagesOptions",
              "ApiGatewayMethodGet",
              "ApiGatewayMethodCallPut",
              "ApiGatewayMethodTextPut",
              "ApiGatewayMethodMessagesPut",
              "ApiGatewayMethodMessagesDelete"
            ]
          },
          "AppDashloadLambdaPermissionApiGateway": {
            "Type": "AWS::Lambda::Permission",
            "Properties": {
              "FunctionName": {
                "Fn::GetAtt": [
                  "AppDashloadLambdaFunction",
                  "Arn"
                ]
              },
              "Action": "lambda:InvokeFunction",
              "Principal": "apigateway.amazonaws.com",
              "SourceArn": {
                "Fn::Join": [
                  "",
                  [
                    "arn:",
                    {
                      "Ref": "AWS::Partition"
                    },
                    ":execute-api:",
                    {
                      "Ref": "AWS::Region"
                    },
                    ":",
                    {
                      "Ref": "AWS::AccountId"
                    },
                    ":",
                    {
                      "Ref": "ApiGatewayRestApi"
                    },
                    "/*/*"
                  ]
                ]
              }
            }
          },
          "CallDashmeLambdaPermissionApiGateway": {
            "Type": "AWS::Lambda::Permission",
            "Properties": {
              "FunctionName": {
                "Fn::GetAtt": [
                  "CallDashmeLambdaFunction",
                  "Arn"
                ]
              },
              "Action": "lambda:InvokeFunction",
              "Principal": "apigateway.amazonaws.com",
              "SourceArn": {
                "Fn::Join": [
                  "",
                  [
                    "arn:",
                    {
                      "Ref": "AWS::Partition"
                    },
                    ":execute-api:",
                    {
                      "Ref": "AWS::Region"
                    },
                    ":",
                    {
                      "Ref": "AWS::AccountId"
                    },
                    ":",
                    {
                      "Ref": "ApiGatewayRestApi"
                    },
                    "/*/*"
                  ]
                ]
              }
            }
          },
          "TextDashmeLambdaPermissionApiGateway": {
            "Type": "AWS::Lambda::Permission",
            "Properties": {
              "FunctionName": {
                "Fn::GetAtt": [
                  "TextDashmeLambdaFunction",
                  "Arn"
                ]
              },
              "Action": "lambda:InvokeFunction",
              "Principal": "apigateway.amazonaws.com",
              "SourceArn": {
                "Fn::Join": [
                  "",
                  [
                    "arn:",
                    {
                      "Ref": "AWS::Partition"
                    },
                    ":execute-api:",
                    {
                      "Ref": "AWS::Region"
                    },
                    ":",
                    {
                      "Ref": "AWS::AccountId"
                    },
                    ":",
                    {
                      "Ref": "ApiGatewayRestApi"
                    },
                    "/*/*"
                  ]
                ]
              }
            }
          },
          "AddDashmessageLambdaPermissionApiGateway": {
            "Type": "AWS::Lambda::Permission",
            "Properties": {
              "FunctionName": {
                "Fn::GetAtt": [
                  "AddDashmessageLambdaFunction",
                  "Arn"
                ]
              },
              "Action": "lambda:InvokeFunction",
              "Principal": "apigateway.amazonaws.com",
              "SourceArn": {
                "Fn::Join": [
                  "",
                  [
                    "arn:",
                    {
                      "Ref": "AWS::Partition"
                    },
                    ":execute-api:",
                    {
                      "Ref": "AWS::Region"
                    },
                    ":",
                    {
                      "Ref": "AWS::AccountId"
                    },
                    ":",
                    {
                      "Ref": "ApiGatewayRestApi"
                    },
                    "/*/*"
                  ]
                ]
              }
            }
          },
          "RemoveDashmessageLambdaPermissionApiGateway": {
            "Type": "AWS::Lambda::Permission",
            "Properties": {
              "FunctionName": {
                "Fn::GetAtt": [
                  "RemoveDashmessageLambdaFunction",
                  "Arn"
                ]
              },
              "Action": "lambda:InvokeFunction",
              "Principal": "apigateway.amazonaws.com",
              "SourceArn": {
                "Fn::Join": [
                  "",
                  [
                    "arn:",
                    {
                      "Ref": "AWS::Partition"
                    },
                    ":execute-api:",
                    {
                      "Ref": "AWS::Region"
                    },
                    ":",
                    {
                      "Ref": "AWS::AccountId"
                    },
                    ":",
                    {
                      "Ref": "ApiGatewayRestApi"
                    },
                    "/*/*"
                  ]
                ]
              }
            }
          },
          "CognitoUserPoolMyUserPool": {
            "Type": "AWS::Cognito::UserPool",
            "Properties": {
              "UserPoolName": "doing-great-user-pool-dev",
              "LambdaConfig": {
                "PostConfirmation": {
                  "Fn::GetAtt": [
                    "RegisterDashaccountLambdaFunction",
                    "Arn"
                  ]
                }
              },
              "UsernameAttributes": [
                "phone_number"
              ],
              "AutoVerifiedAttributes": [
                "phone_number"
              ],
              "SmsConfiguration": {
                "ExternalId": "sms-external-id-doing-great",
                "SnsCallerArn": {
                  "Fn::GetAtt": [
                    "CognitoSMSRole",
                    "Arn"
                  ]
                }
              }
            },
            "DependsOn": [
              "RegisterDashaccountLambdaFunction"
            ]
          },
          "RegisterDashaccountLambdaPermissionCognitoUserPoolMyUserPoolTriggerSourcePostConfirmation": {
            "Type": "AWS::Lambda::Permission",
            "Properties": {
              "FunctionName": {
                "Fn::GetAtt": [
                  "RegisterDashaccountLambdaFunction",
                  "Arn"
                ]
              },
              "Action": "lambda:InvokeFunction",
              "Principal": "cognito-idp.amazonaws.com",
              "SourceArn": {
                "Fn::GetAtt": [
                  "CognitoUserPoolMyUserPool",
                  "Arn"
                ]
              }
            }
          },
          "ApiGatewayAuthorizer": {
            "Type": "AWS::ApiGateway::Authorizer",
            "Properties": {
              "Name": "CognitoUserPool",
              "Type": "COGNITO_USER_POOLS",
              "IdentitySource": "method.request.header.Authorization",
              "RestApiId": {
                "Ref": "ApiGatewayRestApi"
              },
              "ProviderARNs": [
                {
                  "Fn::GetAtt": [
                    "CognitoUserPoolMyUserPool",
                    "Arn"
                  ]
                }
              ]
            }
          },
          "CognitoSMSRole": {
            "Type": "AWS::IAM::Role",
            "Properties": {
              "AssumeRolePolicyDocument": {
                "Version": "2012-10-17",
                "Statement": [
                  {
                    "Effect": "Allow",
                    "Principal": {
                      "Service": [
                        "cognito-idp.amazonaws.com"
                      ]
                    },
                    "Action": [
                      "sts:AssumeRole"
                    ],
                    "Condition": {
                      "StringEquals": {
                        "sts:ExternalId": "sms-external-id-doing-great"
                      }
                    }
                  }
                ]
              },
              "Path": "/"
            }
          },
          "CognitoSMSPolicy": {
            "Type": "AWS::IAM::Policy",
            "Properties": {
              "PolicyName": "CognitoSMSPolicy",
              "PolicyDocument": {
                "Version": "2012-10-17",
                "Statement": [
                  {
                    "Effect": "Allow",
                    "Action": [
                      "sns:publish"
                    ],
                    "Resource": [
                      "*"
                    ]
                  }
                ]
              },
              "Roles": [
                {
                  "Ref": "CognitoSMSRole"
                }
              ]
            }
          },
          "serviceUserPoolClient": {
            "Type": "AWS::Cognito::UserPoolClient",
            "Properties": {
              "ClientName": "doing-great-backend-dev-user-pool-client",
              "UserPoolId": {
                "Ref": "CognitoUserPoolMyUserPool"
              },
              "GenerateSecret": false
            }
          },
          "usersTable": {
            "Type": "AWS::DynamoDB::Table",
            "Properties": {
              "TableName": "doing-great-users",
              "BillingMode": "PAY_PER_REQUEST",
              "AttributeDefinitions": [
                {
                  "AttributeName": "sub",
                  "AttributeType": "S"
                }
              ],
              "KeySchema": [
                {
                  "AttributeName": "sub",
                  "KeyType": "HASH"
                }
              ]
            }
          }
        },
        "Outputs": {
          "ServerlessDeploymentBucketName": {
            "Value": {
              "Ref": "ServerlessDeploymentBucket"
            },
            "Export": {
              "Name": "sls-doing-great-backend-dev-ServerlessDeploymentBucketName"
            }
          },
          "RegisterDashaccountLambdaFunctionQualifiedArn": {
            "Description": "Current Lambda function version",
            "Value": {
              "Ref": "RegisterDashaccountLambdaVersionLowAUhE7OzVSXcttUOx9TrT6ymLaXVWw7dhBhPfDqE"
            },
            "Export": {
              "Name": "sls-doing-great-backend-dev-RegisterDashaccountLambdaFunctionQualifiedArn"
            }
          },
          "AppDashloadLambdaFunctionQualifiedArn": {
            "Description": "Current Lambda function version",
            "Value": {
              "Ref": "AppDashloadLambdaVersionhaok0udwnPYWyb3FPTUG1Qvy8NAZA1s6MaBZuQu8FF4"
            },
            "Export": {
              "Name": "sls-doing-great-backend-dev-AppDashloadLambdaFunctionQualifiedArn"
            }
          },
          "CallDashmeLambdaFunctionQualifiedArn": {
            "Description": "Current Lambda function version",
            "Value": {
              "Ref": "CallDashmeLambdaVersionZuldBvHU7B3E7a4Q5eO08SumIDVT4xJg1Pw5rcY5rLk"
            },
            "Export": {
              "Name": "sls-doing-great-backend-dev-CallDashmeLambdaFunctionQualifiedArn"
            }
          },
          "TextDashmeLambdaFunctionQualifiedArn": {
            "Description": "Current Lambda function version",
            "Value": {
              "Ref": "TextDashmeLambdaVersionvOU9F9GrKSm1j0bZYHBsyWuYnblzzFqkN6XmkQLBes"
            },
            "Export": {
              "Name": "sls-doing-great-backend-dev-TextDashmeLambdaFunctionQualifiedArn"
            }
          },
          "AddDashmessageLambdaFunctionQualifiedArn": {
            "Description": "Current Lambda function version",
            "Value": {
              "Ref": "AddDashmessageLambdaVersionAQO5SN9QV2ls02IaU4kOksGnQjyAG4xTQTcjovNk"
            },
            "Export": {
              "Name": "sls-doing-great-backend-dev-AddDashmessageLambdaFunctionQualifiedArn"
            }
          },
          "RemoveDashmessageLambdaFunctionQualifiedArn": {
            "Description": "Current Lambda function version",
            "Value": {
              "Ref": "RemoveDashmessageLambdaVersion12LxrMzCgcuZsFyV22w0JWefPAre1goGKDV26gFWuw"
            },
            "Export": {
              "Name": "sls-doing-great-backend-dev-RemoveDashmessageLambdaFunctionQualifiedArn"
            }
          },
          "ServiceEndpoint": {
            "Description": "URL of the service endpoint",
            "Value": {
              "Fn::Join": [
                "",
                [
                  "https://",
                  {
                    "Ref": "ApiGatewayRestApi"
                  },
                  ".execute-api.",
                  {
                    "Ref": "AWS::Region"
                  },
                  ".",
                  {
                    "Ref": "AWS::URLSuffix"
                  },
                  "/dev"
                ]
              ]
            },
            "Export": {
              "Name": "sls-doing-great-backend-dev-ServiceEndpoint"
            }
          }
        }
      },
      "coreCloudFormationTemplate": {
        "AWSTemplateFormatVersion": "2010-09-09",
        "Description": "The AWS CloudFormation template for this Serverless application",
        "Resources": {
          "ServerlessDeploymentBucket": {
            "Type": "AWS::S3::Bucket",
            "Properties": {
              "BucketEncryption": {
                "ServerSideEncryptionConfiguration": [
                  {
                    "ServerSideEncryptionByDefault": {
                      "SSEAlgorithm": "AES256"
                    }
                  }
                ]
              }
            }
          },
          "ServerlessDeploymentBucketPolicy": {
            "Type": "AWS::S3::BucketPolicy",
            "Properties": {
              "Bucket": {
                "Ref": "ServerlessDeploymentBucket"
              },
              "PolicyDocument": {
                "Statement": [
                  {
                    "Action": "s3:*",
                    "Effect": "Deny",
                    "Principal": "*",
                    "Resource": [
                      {
                        "Fn::Join": [
                          "",
                          [
                            "arn:",
                            {
                              "Ref": "AWS::Partition"
                            },
                            ":s3:::",
                            {
                              "Ref": "ServerlessDeploymentBucket"
                            },
                            "/*"
                          ]
                        ]
                      },
                      {
                        "Fn::Join": [
                          "",
                          [
                            "arn:",
                            {
                              "Ref": "AWS::Partition"
                            },
                            ":s3:::",
                            {
                              "Ref": "ServerlessDeploymentBucket"
                            }
                          ]
                        ]
                      }
                    ],
                    "Condition": {
                      "Bool": {
                        "aws:SecureTransport": false
                      }
                    }
                  }
                ]
              }
            }
          }
        },
        "Outputs": {
          "ServerlessDeploymentBucketName": {
            "Value": {
              "Ref": "ServerlessDeploymentBucket"
            }
          }
        }
      },
      "vpc": {}
    },
    "custom": {
      "stage": "dev"
    },
    "pluginsData": {},
    "functions": {
      "register-account": {
        "handler": "endpoints/http-register-account.handler",
        "events": [
          {
            "cognitoUserPool": {
              "pool": "MyUserPool",
              "trigger": "PostConfirmation"
            }
          }
        ],
        "name": "doing-great-backend-dev-register-account",
        "package": {},
        "memory": 1024,
        "timeout": 6,
        "runtime": "nodejs12.x",
        "vpc": {},
        "versionLogicalId": "RegisterDashaccountLambdaVersionLowAUhE7OzVSXcttUOx9TrT6ymLaXVWw7dhBhPfDqE"
      },
      "app-load": {
        "handler": "endpoints/http-app-load.handler",
        "events": [
          {
            "http": {
              "path": "",
              "method": "get",
              "cors": {
                "origin": "*",
                "methods": [
                  "OPTIONS",
                  "GET"
                ],
                "headers": [
                  "Content-Type",
                  "X-Amz-Date",
                  "Authorization",
                  "X-Api-Key",
                  "X-Amz-Security-Token",
                  "X-Amz-User-Agent"
                ],
                "allowCredentials": false
              },
              "authorizer": {
                "type": "COGNITO_USER_POOLS",
                "managedExternally": false,
                "authorizerId": {
                  "Ref": "ApiGatewayAuthorizer"
                },
                "resultTtlInSeconds": 300,
                "identitySource": "method.request.header.Authorization",
                "claims": []
              },
              "integration": "AWS_PROXY"
            }
          }
        ],
        "name": "doing-great-backend-dev-app-load",
        "package": {},
        "memory": 1024,
        "timeout": 6,
        "runtime": "nodejs12.x",
        "vpc": {},
        "versionLogicalId": "AppDashloadLambdaVersionhaok0udwnPYWyb3FPTUG1Qvy8NAZA1s6MaBZuQu8FF4"
      },
      "call-me": {
        "handler": "endpoints/http-call-me.handler",
        "events": [
          {
            "http": {
              "path": "call",
              "method": "put",
              "cors": {
                "origin": "*",
                "methods": [
                  "OPTIONS",
                  "PUT"
                ],
                "headers": [
                  "Content-Type",
                  "X-Amz-Date",
                  "Authorization",
                  "X-Api-Key",
                  "X-Amz-Security-Token",
                  "X-Amz-User-Agent"
                ],
                "allowCredentials": false
              },
              "authorizer": {
                "type": "COGNITO_USER_POOLS",
                "managedExternally": false,
                "authorizerId": {
                  "Ref": "ApiGatewayAuthorizer"
                },
                "resultTtlInSeconds": 300,
                "identitySource": "method.request.header.Authorization",
                "claims": []
              },
              "integration": "AWS_PROXY"
            }
          }
        ],
        "name": "doing-great-backend-dev-call-me",
        "package": {},
        "memory": 1024,
        "timeout": 6,
        "runtime": "nodejs12.x",
        "vpc": {},
        "versionLogicalId": "CallDashmeLambdaVersionZuldBvHU7B3E7a4Q5eO08SumIDVT4xJg1Pw5rcY5rLk"
      },
      "text-me": {
        "handler": "endpoints/http-text-me.handler",
        "events": [
          {
            "http": {
              "path": "text",
              "method": "put",
              "cors": {
                "origin": "*",
                "methods": [
                  "OPTIONS",
                  "PUT"
                ],
                "headers": [
                  "Content-Type",
                  "X-Amz-Date",
                  "Authorization",
                  "X-Api-Key",
                  "X-Amz-Security-Token",
                  "X-Amz-User-Agent"
                ],
                "allowCredentials": false
              },
              "authorizer": {
                "type": "COGNITO_USER_POOLS",
                "managedExternally": false,
                "authorizerId": {
                  "Ref": "ApiGatewayAuthorizer"
                },
                "resultTtlInSeconds": 300,
                "identitySource": "method.request.header.Authorization",
                "claims": []
              },
              "integration": "AWS_PROXY"
            }
          }
        ],
        "name": "doing-great-backend-dev-text-me",
        "package": {},
        "memory": 1024,
        "timeout": 6,
        "runtime": "nodejs12.x",
        "vpc": {},
        "versionLogicalId": "TextDashmeLambdaVersionvOU9F9GrKSm1j0bZYHBsyWuYnblzzFqkN6XmkQLBes"
      },
      "add-message": {
        "handler": "endpoints/http-add-message.handler",
        "events": [
          {
            "http": {
              "path": "messages",
              "method": "put",
              "cors": {
                "origin": "*",
                "methods": [
                  "OPTIONS",
                  "PUT"
                ],
                "headers": [
                  "Content-Type",
                  "X-Amz-Date",
                  "Authorization",
                  "X-Api-Key",
                  "X-Amz-Security-Token",
                  "X-Amz-User-Agent"
                ],
                "allowCredentials": false
              },
              "authorizer": {
                "type": "COGNITO_USER_POOLS",
                "managedExternally": false,
                "authorizerId": {
                  "Ref": "ApiGatewayAuthorizer"
                },
                "resultTtlInSeconds": 300,
                "identitySource": "method.request.header.Authorization",
                "claims": []
              },
              "integration": "AWS_PROXY"
            }
          }
        ],
        "name": "doing-great-backend-dev-add-message",
        "package": {},
        "memory": 1024,
        "timeout": 6,
        "runtime": "nodejs12.x",
        "vpc": {},
        "versionLogicalId": "AddDashmessageLambdaVersionAQO5SN9QV2ls02IaU4kOksGnQjyAG4xTQTcjovNk"
      },
      "remove-message": {
        "handler": "endpoints/http-remove-message.handler",
        "events": [
          {
            "http": {
              "path": "messages",
              "method": "delete",
              "cors": {
                "origin": "*",
                "methods": [
                  "OPTIONS",
                  "DELETE"
                ],
                "headers": [
                  "Content-Type",
                  "X-Amz-Date",
                  "Authorization",
                  "X-Api-Key",
                  "X-Amz-Security-Token",
                  "X-Amz-User-Agent"
                ],
                "allowCredentials": false
              },
              "authorizer": {
                "type": "COGNITO_USER_POOLS",
                "managedExternally": false,
                "authorizerId": {
                  "Ref": "ApiGatewayAuthorizer"
                },
                "resultTtlInSeconds": 300,
                "identitySource": "method.request.header.Authorization",
                "claims": []
              },
              "integration": "AWS_PROXY"
            }
          }
        ],
        "name": "doing-great-backend-dev-remove-message",
        "package": {},
        "memory": 1024,
        "timeout": 6,
        "runtime": "nodejs12.x",
        "vpc": {},
        "versionLogicalId": "RemoveDashmessageLambdaVersion12LxrMzCgcuZsFyV22w0JWefPAre1goGKDV26gFWuw"
      }
    },
    "resources": {
      "Resources": {
        "ApiGatewayAuthorizer": {
          "Type": "AWS::ApiGateway::Authorizer",
          "Properties": {
            "Name": "CognitoUserPool",
            "Type": "COGNITO_USER_POOLS",
            "IdentitySource": "method.request.header.Authorization",
            "RestApiId": {
              "Ref": "ApiGatewayRestApi"
            },
            "ProviderARNs": [
              {
                "Fn::GetAtt": [
                  "CognitoUserPoolMyUserPool",
                  "Arn"
                ]
              }
            ]
          }
        },
        "CognitoSMSRole": {
          "Type": "AWS::IAM::Role",
          "Properties": {
            "AssumeRolePolicyDocument": {
              "Version": "2012-10-17",
              "Statement": [
                {
                  "Effect": "Allow",
                  "Principal": {
                    "Service": [
                      "cognito-idp.amazonaws.com"
                    ]
                  },
                  "Action": [
                    "sts:AssumeRole"
                  ],
                  "Condition": {
                    "StringEquals": {
                      "sts:ExternalId": "sms-external-id-doing-great"
                    }
                  }
                }
              ]
            },
            "Path": "/"
          }
        },
        "CognitoSMSPolicy": {
          "Type": "AWS::IAM::Policy",
          "Properties": {
            "PolicyName": "CognitoSMSPolicy",
            "PolicyDocument": {
              "Version": "2012-10-17",
              "Statement": [
                {
                  "Effect": "Allow",
                  "Action": [
                    "sns:publish"
                  ],
                  "Resource": [
                    "*"
                  ]
                }
              ]
            },
            "Roles": [
              {
                "Ref": "CognitoSMSRole"
              }
            ]
          }
        },
        "CognitoUserPoolMyUserPool": {
          "Type": "AWS::Cognito::UserPool",
          "Properties": {
            "UserPoolName": "doing-great-user-pool-dev",
            "UsernameAttributes": [
              "phone_number"
            ],
            "AutoVerifiedAttributes": [
              "phone_number"
            ],
            "SmsConfiguration": {
              "ExternalId": "sms-external-id-doing-great",
              "SnsCallerArn": {
                "Fn::GetAtt": [
                  "CognitoSMSRole",
                  "Arn"
                ]
              }
            }
          }
        },
        "serviceUserPoolClient": {
          "Type": "AWS::Cognito::UserPoolClient",
          "Properties": {
            "ClientName": "doing-great-backend-dev-user-pool-client",
            "UserPoolId": {
              "Ref": "CognitoUserPoolMyUserPool"
            },
            "GenerateSecret": false
          }
        },
        "usersTable": {
          "Type": "AWS::DynamoDB::Table",
          "Properties": {
            "TableName": "doing-great-users",
            "BillingMode": "PAY_PER_REQUEST",
            "AttributeDefinitions": [
              {
                "AttributeName": "sub",
                "AttributeType": "S"
              }
            ],
            "KeySchema": [
              {
                "AttributeName": "sub",
                "KeyType": "HASH"
              }
            ]
          }
        }
      },
      "Outputs": {}
    },
    "configValidationMode": "warn",
    "serviceFilename": "serverless.yml",
    "initialServerlessConfig": {
      "service": {
        "$ref": "$[\"service\"][\"serviceObject\"]"
      },
      "frameworkVersion": "2",
      "custom": {
        "$ref": "$[\"service\"][\"custom\"]"
      },
      "provider": {
        "$ref": "$[\"service\"][\"provider\"]"
      },
      "functions": {
        "$ref": "$[\"service\"][\"functions\"]"
      },
      "resources": {
        "$ref": "$[\"service\"][\"resources\"]"
      }
    },
    "layers": {},
    "isDashboardMonitoringPreconfigured": false,
    "artifact": "/Users/rreszetnik/Desktop/McHacks/backend/.serverless/doing-great-backend.zip"
  },
  "package": {
    "artifactDirectoryName": "serverless/doing-great-backend/dev/1642896729345-2022-01-23T00:12:09.345Z",
    "artifact": "doing-great-backend.zip"
  }
}