{
  "service": {
    "service": "doing-great-backend",
    "serviceObject": {
      "name": "doing-great-backend"
    },
    "provider": {
      "name": "aws",
      "runtime": "nodejs12.x",
      "environment": {
        "DOMAIN_SUFFIX": "youre-doing-great"
      },
      "lambdaHashingVersion": "20201221",
      "profile": "serverlessUser",
      "stage": "dev",
      "region": "ca-central-1",
      "httpApi": {
        "cors": true
      },
      "iamRoleStatements": [
        {
          "Effect": "Allow",
          "Action": [
            "dynamodb:*",
            "lambda:*"
          ],
          "Resource": "*"
        }
      ],
      "versionFunctions": true,
      "compiledCloudFormationTemplate": {
        "AWSTemplateFormatVersion": "2010-09-09",
        "Description": "The AWS CloudFormation template for this Serverless application",
        "Resources": {
          "ServerlessDeploymentBucket": {
            "Type": "AWS::S3::Bucket",
            "Properties": {
              "BucketEncryption": {
                "ServerSideEncryptionConfiguration": [
                  {
                    "ServerSideEncryptionByDefault": {
                      "SSEAlgorithm": "AES256"
                    }
                  }
                ]
              }
            }
          },
          "ServerlessDeploymentBucketPolicy": {
            "Type": "AWS::S3::BucketPolicy",
            "Properties": {
              "Bucket": {
                "Ref": "ServerlessDeploymentBucket"
              },
              "PolicyDocument": {
                "Statement": [
                  {
                    "Action": "s3:*",
                    "Effect": "Deny",
                    "Principal": "*",
                    "Resource": [
                      {
                        "Fn::Join": [
                          "",
                          [
                            "arn:",
                            {
                              "Ref": "AWS::Partition"
                            },
                            ":s3:::",
                            {
                              "Ref": "ServerlessDeploymentBucket"
                            },
                            "/*"
                          ]
                        ]
                      },
                      {
                        "Fn::Join": [
                          "",
                          [
                            "arn:",
                            {
                              "Ref": "AWS::Partition"
                            },
                            ":s3:::",
                            {
                              "Ref": "ServerlessDeploymentBucket"
                            }
                          ]
                        ]
                      }
                    ],
                    "Condition": {
                      "Bool": {
                        "aws:SecureTransport": false
                      }
                    }
                  }
                ]
              }
            }
          },
          "RegisterDashaccountLogGroup": {
            "Type": "AWS::Logs::LogGroup",
            "Properties": {
              "LogGroupName": "/aws/lambda/doing-great-backend-dev-register-account"
            }
          },
          "AppDashloadLogGroup": {
            "Type": "AWS::Logs::LogGroup",
            "Properties": {
              "LogGroupName": "/aws/lambda/doing-great-backend-dev-app-load"
            }
          },
          "CallDashmeLogGroup": {
            "Type": "AWS::Logs::LogGroup",
            "Properties": {
              "LogGroupName": "/aws/lambda/doing-great-backend-dev-call-me"
            }
          },
          "IamRoleLambdaExecution": {
            "Type": "AWS::IAM::Role",
            "Properties": {
              "AssumeRolePolicyDocument": {
                "Version": "2012-10-17",
                "Statement": [
                  {
                    "Effect": "Allow",
                    "Principal": {
                      "Service": [
                        "lambda.amazonaws.com"
                      ]
                    },
                    "Action": [
                      "sts:AssumeRole"
                    ]
                  }
                ]
              },
              "Policies": [
                {
                  "PolicyName": {
                    "Fn::Join": [
                      "-",
                      [
                        "doing-great-backend",
                        "dev",
                        "lambda"
                      ]
                    ]
                  },
                  "PolicyDocument": {
                    "Version": "2012-10-17",
                    "Statement": [
                      {
                        "Effect": "Allow",
                        "Action": [
                          "logs:CreateLogStream",
                          "logs:CreateLogGroup"
                        ],
                        "Resource": [
                          {
                            "Fn::Sub": "arn:${AWS::Partition}:logs:${AWS::Region}:${AWS::AccountId}:log-group:/aws/lambda/doing-great-backend-dev*:*"
                          }
                        ]
                      },
                      {
                        "Effect": "Allow",
                        "Action": [
                          "logs:PutLogEvents"
                        ],
                        "Resource": [
                          {
                            "Fn::Sub": "arn:${AWS::Partition}:logs:${AWS::Region}:${AWS::AccountId}:log-group:/aws/lambda/doing-great-backend-dev*:*:*"
                          }
                        ]
                      },
                      {
                        "$ref": "$[\"service\"][\"provider\"][\"iamRoleStatements\"][0]"
                      }
                    ]
                  }
                }
              ],
              "Path": "/",
              "RoleName": {
                "Fn::Join": [
                  "-",
                  [
                    "doing-great-backend",
                    "dev",
                    {
                      "Ref": "AWS::Region"
                    },
                    "lambdaRole"
                  ]
                ]
              }
            }
          },
          "RegisterDashaccountLambdaFunction": {
            "Type": "AWS::Lambda::Function",
            "Properties": {
              "Code": {
                "S3Bucket": {
                  "Ref": "ServerlessDeploymentBucket"
                },
                "S3Key": "serverless/doing-great-backend/dev/1642842271271-2022-01-22T09:04:31.271Z/doing-great-backend.zip"
              },
              "Handler": "endpoints/http-register-account.handler",
              "Runtime": "nodejs12.x",
              "FunctionName": "doing-great-backend-dev-register-account",
              "MemorySize": 1024,
              "Timeout": 6,
              "Environment": {
                "Variables": {
                  "DOMAIN_SUFFIX": "youre-doing-great"
                }
              },
              "Role": {
                "Fn::GetAtt": [
                  "IamRoleLambdaExecution",
                  "Arn"
                ]
              }
            },
            "DependsOn": [
              "RegisterDashaccountLogGroup"
            ]
          },
          "AppDashloadLambdaFunction": {
            "Type": "AWS::Lambda::Function",
            "Properties": {
              "Code": {
                "S3Bucket": {
                  "Ref": "ServerlessDeploymentBucket"
                },
                "S3Key": "serverless/doing-great-backend/dev/1642842271271-2022-01-22T09:04:31.271Z/doing-great-backend.zip"
              },
              "Handler": "endpoints/http-app-load.handler",
              "Runtime": "nodejs12.x",
              "FunctionName": "doing-great-backend-dev-app-load",
              "MemorySize": 1024,
              "Timeout": 6,
              "Environment": {
                "Variables": {
                  "DOMAIN_SUFFIX": "youre-doing-great"
                }
              },
              "Role": {
                "Fn::GetAtt": [
                  "IamRoleLambdaExecution",
                  "Arn"
                ]
              }
            },
            "DependsOn": [
              "AppDashloadLogGroup"
            ]
          },
          "CallDashmeLambdaFunction": {
            "Type": "AWS::Lambda::Function",
            "Properties": {
              "Code": {
                "S3Bucket": {
                  "Ref": "ServerlessDeploymentBucket"
                },
                "S3Key": "serverless/doing-great-backend/dev/1642842271271-2022-01-22T09:04:31.271Z/doing-great-backend.zip"
              },
              "Handler": "endpoints/http-call-me.handler",
              "Runtime": "nodejs12.x",
              "FunctionName": "doing-great-backend-dev-call-me",
              "MemorySize": 1024,
              "Timeout": 6,
              "Environment": {
                "Variables": {
                  "DOMAIN_SUFFIX": "youre-doing-great"
                }
              },
              "Role": {
                "Fn::GetAtt": [
                  "IamRoleLambdaExecution",
                  "Arn"
                ]
              }
            },
            "DependsOn": [
              "CallDashmeLogGroup"
            ]
          },
          "RegisterDashaccountLambdaVersionpkR1sV5qM5MbsBXVHwN8XdQeaDwf2Bfpxg3eIfej4U": {
            "Type": "AWS::Lambda::Version",
            "DeletionPolicy": "Retain",
            "Properties": {
              "FunctionName": {
                "Ref": "RegisterDashaccountLambdaFunction"
              },
              "CodeSha256": "hijdCTZgvq73uAJ2BeggbWnNBVlp7N/Oyk8b9atyt5s="
            }
          },
          "AppDashloadLambdaVersionD9eky4jZtOioT2jISgp2NDmA0FcUcfhtK6xniMVLo": {
            "Type": "AWS::Lambda::Version",
            "DeletionPolicy": "Retain",
            "Properties": {
              "FunctionName": {
                "Ref": "AppDashloadLambdaFunction"
              },
              "CodeSha256": "hijdCTZgvq73uAJ2BeggbWnNBVlp7N/Oyk8b9atyt5s="
            }
          },
          "CallDashmeLambdaVersionF2ejxC1mZvUQuJMeFJHKF0KJzaqm8PrrPyhNHB2i0": {
            "Type": "AWS::Lambda::Version",
            "DeletionPolicy": "Retain",
            "Properties": {
              "FunctionName": {
                "Ref": "CallDashmeLambdaFunction"
              },
              "CodeSha256": "hijdCTZgvq73uAJ2BeggbWnNBVlp7N/Oyk8b9atyt5s="
            }
          },
          "ApiGatewayRestApi": {
            "Type": "AWS::ApiGateway::RestApi",
            "Properties": {
              "Name": "dev-doing-great-backend",
              "EndpointConfiguration": {
                "Types": [
                  "EDGE"
                ]
              },
              "Policy": ""
            }
          },
          "ApiGatewayResourceCall": {
            "Type": "AWS::ApiGateway::Resource",
            "Properties": {
              "ParentId": {
                "Fn::GetAtt": [
                  "ApiGatewayRestApi",
                  "RootResourceId"
                ]
              },
              "PathPart": "call",
              "RestApiId": {
                "Ref": "ApiGatewayRestApi"
              }
            }
          },
          "ApiGatewayMethodOptions": {
            "Type": "AWS::ApiGateway::Method",
            "Properties": {
              "AuthorizationType": "NONE",
              "HttpMethod": "OPTIONS",
              "MethodResponses": [
                {
                  "StatusCode": "200",
                  "ResponseParameters": {
                    "method.response.header.Access-Control-Allow-Origin": true,
                    "method.response.header.Access-Control-Allow-Headers": true,
                    "method.response.header.Access-Control-Allow-Methods": true
                  },
                  "ResponseModels": {}
                }
              ],
              "RequestParameters": {},
              "Integration": {
                "Type": "MOCK",
                "RequestTemplates": {
                  "application/json": "{statusCode:200}"
                },
                "ContentHandling": "CONVERT_TO_TEXT",
                "IntegrationResponses": [
                  {
                    "StatusCode": "200",
                    "ResponseParameters": {
                      "method.response.header.Access-Control-Allow-Origin": "'*'",
                      "method.response.header.Access-Control-Allow-Headers": "'Content-Type,X-Amz-Date,Authorization,X-Api-Key,X-Amz-Security-Token,X-Amz-User-Agent'",
                      "method.response.header.Access-Control-Allow-Methods": "'OPTIONS,GET'"
                    },
                    "ResponseTemplates": {
                      "application/json": ""
                    }
                  }
                ]
              },
              "ResourceId": {
                "Fn::GetAtt": [
                  "ApiGatewayRestApi",
                  "RootResourceId"
                ]
              },
              "RestApiId": {
                "Ref": "ApiGatewayRestApi"
              }
            }
          },
          "ApiGatewayMethodCallOptions": {
            "Type": "AWS::ApiGateway::Method",
            "Properties": {
              "AuthorizationType": "NONE",
              "HttpMethod": "OPTIONS",
              "MethodResponses": [
                {
                  "StatusCode": "200",
                  "ResponseParameters": {
                    "method.response.header.Access-Control-Allow-Origin": true,
                    "method.response.header.Access-Control-Allow-Headers": true,
                    "method.response.header.Access-Control-Allow-Methods": true
                  },
                  "ResponseModels": {}
                }
              ],
              "RequestParameters": {},
              "Integration": {
                "Type": "MOCK",
                "RequestTemplates": {
                  "application/json": "{statusCode:200}"
                },
                "ContentHandling": "CONVERT_TO_TEXT",
                "IntegrationResponses": [
                  {
                    "StatusCode": "200",
                    "ResponseParameters": {
                      "method.response.header.Access-Control-Allow-Origin": "'*'",
                      "method.response.header.Access-Control-Allow-Headers": "'Content-Type,X-Amz-Date,Authorization,X-Api-Key,X-Amz-Security-Token,X-Amz-User-Agent'",
                      "method.response.header.Access-Control-Allow-Methods": "'OPTIONS,PUT'"
                    },
                    "ResponseTemplates": {
                      "application/json": ""
                    }
                  }
                ]
              },
              "ResourceId": {
                "Ref": "ApiGatewayResourceCall"
              },
              "RestApiId": {
                "Ref": "ApiGatewayRestApi"
              }
            }
          },
          "ApiGatewayMethodGet": {
            "Type": "AWS::ApiGateway::Method",
            "Properties": {
              "HttpMethod": "GET",
              "RequestParameters": {},
              "ResourceId": {
                "Fn::GetAtt": [
                  "ApiGatewayRestApi",
                  "RootResourceId"
                ]
              },
              "RestApiId": {
                "Ref": "ApiGatewayRestApi"
              },
              "ApiKeyRequired": false,
              "AuthorizationType": "COGNITO_USER_POOLS",
              "AuthorizerId": {
                "Ref": "ApiGatewayAuthorizer"
              },
              "Integration": {
                "IntegrationHttpMethod": "POST",
                "Type": "AWS_PROXY",
                "Uri": {
                  "Fn::Join": [
                    "",
                    [
                      "arn:",
                      {
                        "Ref": "AWS::Partition"
                      },
                      ":apigateway:",
                      {
                        "Ref": "AWS::Region"
                      },
                      ":lambda:path/2015-03-31/functions/",
                      {
                        "Fn::GetAtt": [
                          "AppDashloadLambdaFunction",
                          "Arn"
                        ]
                      },
                      "/invocations"
                    ]
                  ]
                }
              },
              "MethodResponses": []
            },
            "DependsOn": [
              "AppDashloadLambdaPermissionApiGateway"
            ]
          },
          "ApiGatewayMethodCallPut": {
            "Type": "AWS::ApiGateway::Method",
            "Properties": {
              "HttpMethod": "PUT",
              "RequestParameters": {},
              "ResourceId": {
                "Ref": "ApiGatewayResourceCall"
              },
              "RestApiId": {
                "Ref": "ApiGatewayRestApi"
              },
              "ApiKeyRequired": false,
              "AuthorizationType": "COGNITO_USER_POOLS",
              "AuthorizerId": {
                "Ref": "ApiGatewayAuthorizer"
              },
              "Integration": {
                "IntegrationHttpMethod": "POST",
                "Type": "AWS_PROXY",
                "Uri": {
                  "Fn::Join": [
                    "",
                    [
                      "arn:",
                      {
                        "Ref": "AWS::Partition"
                      },
                      ":apigateway:",
                      {
                        "Ref": "AWS::Region"
                      },
                      ":lambda:path/2015-03-31/functions/",
                      {
                        "Fn::GetAtt": [
                          "CallDashmeLambdaFunction",
                          "Arn"
                        ]
                      },
                      "/invocations"
                    ]
                  ]
                }
              },
              "MethodResponses": []
            },
            "DependsOn": [
              "CallDashmeLambdaPermissionApiGateway"
            ]
          },
          "ApiGatewayDeployment1642842269693": {
            "Type": "AWS::ApiGateway::Deployment",
            "Properties": {
              "RestApiId": {
                "Ref": "ApiGatewayRestApi"
              },
              "StageName": "dev"
            },
            "DependsOn": [
              "ApiGatewayMethodOptions",
              "ApiGatewayMethodCallOptions",
              "ApiGatewayMethodGet",
              "ApiGatewayMethodCallPut"
            ]
          },
          "AppDashloadLambdaPermissionApiGateway": {
            "Type": "AWS::Lambda::Permission",
            "Properties": {
              "FunctionName": {
                "Fn::GetAtt": [
                  "AppDashloadLambdaFunction",
                  "Arn"
                ]
              },
              "Action": "lambda:InvokeFunction",
              "Principal": "apigateway.amazonaws.com",
              "SourceArn": {
                "Fn::Join": [
                  "",
                  [
                    "arn:",
                    {
                      "Ref": "AWS::Partition"
                    },
                    ":execute-api:",
                    {
                      "Ref": "AWS::Region"
                    },
                    ":",
                    {
                      "Ref": "AWS::AccountId"
                    },
                    ":",
                    {
                      "Ref": "ApiGatewayRestApi"
                    },
                    "/*/*"
                  ]
                ]
              }
            }
          },
          "CallDashmeLambdaPermissionApiGateway": {
            "Type": "AWS::Lambda::Permission",
            "Properties": {
              "FunctionName": {
                "Fn::GetAtt": [
                  "CallDashmeLambdaFunction",
                  "Arn"
                ]
              },
              "Action": "lambda:InvokeFunction",
              "Principal": "apigateway.amazonaws.com",
              "SourceArn": {
                "Fn::Join": [
                  "",
                  [
                    "arn:",
                    {
                      "Ref": "AWS::Partition"
                    },
                    ":execute-api:",
                    {
                      "Ref": "AWS::Region"
                    },
                    ":",
                    {
                      "Ref": "AWS::AccountId"
                    },
                    ":",
                    {
                      "Ref": "ApiGatewayRestApi"
                    },
                    "/*/*"
                  ]
                ]
              }
            }
          },
          "CognitoUserPoolMyUserPool": {
            "Type": "AWS::Cognito::UserPool",
            "Properties": {
              "UserPoolName": "doing-great-user-pool-dev",
              "LambdaConfig": {
                "PostConfirmation": {
                  "Fn::GetAtt": [
                    "RegisterDashaccountLambdaFunction",
                    "Arn"
                  ]
                }
              },
              "UsernameAttributes": [
                "phone_number"
              ],
              "AutoVerifiedAttributes": [
                "phone_number"
              ],
              "SmsConfiguration": {
                "ExternalId": "sms-external-id-doing-great",
                "SnsCallerArn": {
                  "Fn::GetAtt": [
                    "CognitoSMSRole",
                    "Arn"
                  ]
                }
              }
            },
            "DependsOn": [
              "RegisterDashaccountLambdaFunction"
            ]
          },
          "RegisterDashaccountLambdaPermissionCognitoUserPoolMyUserPoolTriggerSourcePostConfirmation": {
            "Type": "AWS::Lambda::Permission",
            "Properties": {
              "FunctionName": {
                "Fn::GetAtt": [
                  "RegisterDashaccountLambdaFunction",
                  "Arn"
                ]
              },
              "Action": "lambda:InvokeFunction",
              "Principal": "cognito-idp.amazonaws.com",
              "SourceArn": {
                "Fn::GetAtt": [
                  "CognitoUserPoolMyUserPool",
                  "Arn"
                ]
              }
            }
          },
          "ApiGatewayAuthorizer": {
            "Type": "AWS::ApiGateway::Authorizer",
            "Properties": {
              "Name": "CognitoUserPool",
              "Type": "COGNITO_USER_POOLS",
              "IdentitySource": "method.request.header.Authorization",
              "RestApiId": {
                "Ref": "ApiGatewayRestApi"
              },
              "ProviderARNs": [
                {
                  "Fn::GetAtt": [
                    "CognitoUserPoolMyUserPool",
                    "Arn"
                  ]
                }
              ]
            }
          },
          "CognitoSMSRole": {
            "Type": "AWS::IAM::Role",
            "Properties": {
              "AssumeRolePolicyDocument": {
                "Version": "2012-10-17",
                "Statement": [
                  {
                    "Effect": "Allow",
                    "Principal": {
                      "Service": [
                        "cognito-idp.amazonaws.com"
                      ]
                    },
                    "Action": [
                      "sts:AssumeRole"
                    ],
                    "Condition": {
                      "StringEquals": {
                        "sts:ExternalId": "sms-external-id-doing-great"
                      }
                    }
                  }
                ]
              },
              "Path": "/"
            }
          },
          "CognitoSMSPolicy": {
            "Type": "AWS::IAM::Policy",
            "Properties": {
              "PolicyName": "CognitoSMSPolicy",
              "PolicyDocument": {
                "Version": "2012-10-17",
                "Statement": [
                  {
                    "Effect": "Allow",
                    "Action": [
                      "sns:publish"
                    ],
                    "Resource": [
                      "*"
                    ]
                  }
                ]
              },
              "Roles": [
                {
                  "Ref": "CognitoSMSRole"
                }
              ]
            }
          },
          "serviceUserPoolClient": {
            "Type": "AWS::Cognito::UserPoolClient",
            "Properties": {
              "ClientName": "doing-great-backend-dev-user-pool-client",
              "UserPoolId": {
                "Ref": "CognitoUserPoolMyUserPool"
              },
              "GenerateSecret": false
            }
          },
          "usersTable": {
            "Type": "AWS::DynamoDB::Table",
            "Properties": {
              "TableName": "doing-great-users",
              "BillingMode": "PAY_PER_REQUEST",
              "AttributeDefinitions": [
                {
                  "AttributeName": "sub",
                  "AttributeType": "S"
                }
              ],
              "KeySchema": [
                {
                  "AttributeName": "sub",
                  "KeyType": "HASH"
                }
              ]
            }
          }
        },
        "Outputs": {
          "ServerlessDeploymentBucketName": {
            "Value": {
              "Ref": "ServerlessDeploymentBucket"
            },
            "Export": {
              "Name": "sls-doing-great-backend-dev-ServerlessDeploymentBucketName"
            }
          },
          "RegisterDashaccountLambdaFunctionQualifiedArn": {
            "Description": "Current Lambda function version",
            "Value": {
              "Ref": "RegisterDashaccountLambdaVersionpkR1sV5qM5MbsBXVHwN8XdQeaDwf2Bfpxg3eIfej4U"
            },
            "Export": {
              "Name": "sls-doing-great-backend-dev-RegisterDashaccountLambdaFunctionQualifiedArn"
            }
          },
          "AppDashloadLambdaFunctionQualifiedArn": {
            "Description": "Current Lambda function version",
            "Value": {
              "Ref": "AppDashloadLambdaVersionD9eky4jZtOioT2jISgp2NDmA0FcUcfhtK6xniMVLo"
            },
            "Export": {
              "Name": "sls-doing-great-backend-dev-AppDashloadLambdaFunctionQualifiedArn"
            }
          },
          "CallDashmeLambdaFunctionQualifiedArn": {
            "Description": "Current Lambda function version",
            "Value": {
              "Ref": "CallDashmeLambdaVersionF2ejxC1mZvUQuJMeFJHKF0KJzaqm8PrrPyhNHB2i0"
            },
            "Export": {
              "Name": "sls-doing-great-backend-dev-CallDashmeLambdaFunctionQualifiedArn"
            }
          },
          "ServiceEndpoint": {
            "Description": "URL of the service endpoint",
            "Value": {
              "Fn::Join": [
                "",
                [
                  "https://",
                  {
                    "Ref": "ApiGatewayRestApi"
                  },
                  ".execute-api.",
                  {
                    "Ref": "AWS::Region"
                  },
                  ".",
                  {
                    "Ref": "AWS::URLSuffix"
                  },
                  "/dev"
                ]
              ]
            },
            "Export": {
              "Name": "sls-doing-great-backend-dev-ServiceEndpoint"
            }
          }
        }
      },
      "coreCloudFormationTemplate": {
        "AWSTemplateFormatVersion": "2010-09-09",
        "Description": "The AWS CloudFormation template for this Serverless application",
        "Resources": {
          "ServerlessDeploymentBucket": {
            "Type": "AWS::S3::Bucket",
            "Properties": {
              "BucketEncryption": {
                "ServerSideEncryptionConfiguration": [
                  {
                    "ServerSideEncryptionByDefault": {
                      "SSEAlgorithm": "AES256"
                    }
                  }
                ]
              }
            }
          },
          "ServerlessDeploymentBucketPolicy": {
            "Type": "AWS::S3::BucketPolicy",
            "Properties": {
              "Bucket": {
                "Ref": "ServerlessDeploymentBucket"
              },
              "PolicyDocument": {
                "Statement": [
                  {
                    "Action": "s3:*",
                    "Effect": "Deny",
                    "Principal": "*",
                    "Resource": [
                      {
                        "Fn::Join": [
                          "",
                          [
                            "arn:",
                            {
                              "Ref": "AWS::Partition"
                            },
                            ":s3:::",
                            {
                              "Ref": "ServerlessDeploymentBucket"
                            },
                            "/*"
                          ]
                        ]
                      },
                      {
                        "Fn::Join": [
                          "",
                          [
                            "arn:",
                            {
                              "Ref": "AWS::Partition"
                            },
                            ":s3:::",
                            {
                              "Ref": "ServerlessDeploymentBucket"
                            }
                          ]
                        ]
                      }
                    ],
                    "Condition": {
                      "Bool": {
                        "aws:SecureTransport": false
                      }
                    }
                  }
                ]
              }
            }
          }
        },
        "Outputs": {
          "ServerlessDeploymentBucketName": {
            "Value": {
              "Ref": "ServerlessDeploymentBucket"
            }
          }
        }
      },
      "vpc": {}
    },
    "custom": {
      "stage": "dev"
    },
    "pluginsData": {},
    "functions": {
      "register-account": {
        "handler": "endpoints/http-register-account.handler",
        "events": [
          {
            "cognitoUserPool": {
              "pool": "MyUserPool",
              "trigger": "PostConfirmation"
            }
          }
        ],
        "name": "doing-great-backend-dev-register-account",
        "package": {},
        "memory": 1024,
        "timeout": 6,
        "runtime": "nodejs12.x",
        "vpc": {},
        "versionLogicalId": "RegisterDashaccountLambdaVersionpkR1sV5qM5MbsBXVHwN8XdQeaDwf2Bfpxg3eIfej4U"
      },
      "app-load": {
        "handler": "endpoints/http-app-load.handler",
        "events": [
          {
            "http": {
              "path": "",
              "method": "get",
              "cors": {
                "origin": "*",
                "methods": [
                  "OPTIONS",
                  "GET"
                ],
                "headers": [
                  "Content-Type",
                  "X-Amz-Date",
                  "Authorization",
                  "X-Api-Key",
                  "X-Amz-Security-Token",
                  "X-Amz-User-Agent"
                ],
                "allowCredentials": false
              },
              "authorizer": {
                "type": "COGNITO_USER_POOLS",
                "managedExternally": false,
                "authorizerId": {
                  "Ref": "ApiGatewayAuthorizer"
                },
                "resultTtlInSeconds": 300,
                "identitySource": "method.request.header.Authorization",
                "claims": []
              },
              "integration": "AWS_PROXY"
            }
          }
        ],
        "name": "doing-great-backend-dev-app-load",
        "package": {},
        "memory": 1024,
        "timeout": 6,
        "runtime": "nodejs12.x",
        "vpc": {},
        "versionLogicalId": "AppDashloadLambdaVersionD9eky4jZtOioT2jISgp2NDmA0FcUcfhtK6xniMVLo"
      },
      "call-me": {
        "handler": "endpoints/http-call-me.handler",
        "events": [
          {
            "http": {
              "path": "call",
              "method": "put",
              "cors": {
                "origin": "*",
                "methods": [
                  "OPTIONS",
                  "PUT"
                ],
                "headers": [
                  "Content-Type",
                  "X-Amz-Date",
                  "Authorization",
                  "X-Api-Key",
                  "X-Amz-Security-Token",
                  "X-Amz-User-Agent"
                ],
                "allowCredentials": false
              },
              "authorizer": {
                "type": "COGNITO_USER_POOLS",
                "managedExternally": false,
                "authorizerId": {
                  "Ref": "ApiGatewayAuthorizer"
                },
                "resultTtlInSeconds": 300,
                "identitySource": "method.request.header.Authorization",
                "claims": []
              },
              "integration": "AWS_PROXY"
            }
          }
        ],
        "name": "doing-great-backend-dev-call-me",
        "package": {},
        "memory": 1024,
        "timeout": 6,
        "runtime": "nodejs12.x",
        "vpc": {},
        "versionLogicalId": "CallDashmeLambdaVersionF2ejxC1mZvUQuJMeFJHKF0KJzaqm8PrrPyhNHB2i0"
      }
    },
    "resources": {
      "Resources": {
        "ApiGatewayAuthorizer": {
          "Type": "AWS::ApiGateway::Authorizer",
          "Properties": {
            "Name": "CognitoUserPool",
            "Type": "COGNITO_USER_POOLS",
            "IdentitySource": "method.request.header.Authorization",
            "RestApiId": {
              "Ref": "ApiGatewayRestApi"
            },
            "ProviderARNs": [
              {
                "Fn::GetAtt": [
                  "CognitoUserPoolMyUserPool",
                  "Arn"
                ]
              }
            ]
          }
        },
        "CognitoSMSRole": {
          "Type": "AWS::IAM::Role",
          "Properties": {
            "AssumeRolePolicyDocument": {
              "Version": "2012-10-17",
              "Statement": [
                {
                  "Effect": "Allow",
                  "Principal": {
                    "Service": [
                      "cognito-idp.amazonaws.com"
                    ]
                  },
                  "Action": [
                    "sts:AssumeRole"
                  ],
                  "Condition": {
                    "StringEquals": {
                      "sts:ExternalId": "sms-external-id-doing-great"
                    }
                  }
                }
              ]
            },
            "Path": "/"
          }
        },
        "CognitoSMSPolicy": {
          "Type": "AWS::IAM::Policy",
          "Properties": {
            "PolicyName": "CognitoSMSPolicy",
            "PolicyDocument": {
              "Version": "2012-10-17",
              "Statement": [
                {
                  "Effect": "Allow",
                  "Action": [
                    "sns:publish"
                  ],
                  "Resource": [
                    "*"
                  ]
                }
              ]
            },
            "Roles": [
              {
                "Ref": "CognitoSMSRole"
              }
            ]
          }
        },
        "CognitoUserPoolMyUserPool": {
          "Type": "AWS::Cognito::UserPool",
          "Properties": {
            "UserPoolName": "doing-great-user-pool-dev",
            "UsernameAttributes": [
              "phone_number"
            ],
            "AutoVerifiedAttributes": [
              "phone_number"
            ],
            "SmsConfiguration": {
              "ExternalId": "sms-external-id-doing-great",
              "SnsCallerArn": {
                "Fn::GetAtt": [
                  "CognitoSMSRole",
                  "Arn"
                ]
              }
            }
          }
        },
        "serviceUserPoolClient": {
          "Type": "AWS::Cognito::UserPoolClient",
          "Properties": {
            "ClientName": "doing-great-backend-dev-user-pool-client",
            "UserPoolId": {
              "Ref": "CognitoUserPoolMyUserPool"
            },
            "GenerateSecret": false
          }
        },
        "usersTable": {
          "Type": "AWS::DynamoDB::Table",
          "Properties": {
            "TableName": "doing-great-users",
            "BillingMode": "PAY_PER_REQUEST",
            "AttributeDefinitions": [
              {
                "AttributeName": "sub",
                "AttributeType": "S"
              }
            ],
            "KeySchema": [
              {
                "AttributeName": "sub",
                "KeyType": "HASH"
              }
            ]
          }
        }
      },
      "Outputs": {}
    },
    "configValidationMode": "warn",
    "serviceFilename": "serverless.yml",
    "initialServerlessConfig": {
      "service": {
        "$ref": "$[\"service\"][\"serviceObject\"]"
      },
      "frameworkVersion": "2",
      "custom": {
        "$ref": "$[\"service\"][\"custom\"]"
      },
      "provider": {
        "$ref": "$[\"service\"][\"provider\"]"
      },
      "functions": {
        "$ref": "$[\"service\"][\"functions\"]"
      },
      "resources": {
        "$ref": "$[\"service\"][\"resources\"]"
      }
    },
    "layers": {},
    "isDashboardMonitoringPreconfigured": false,
    "artifact": "/Users/sehrmoosabhoy/Desktop/McHacks/backend/.serverless/doing-great-backend.zip"
  },
  "package": {
    "artifactDirectoryName": "serverless/doing-great-backend/dev/1642842271271-2022-01-22T09:04:31.271Z",
    "artifact": "doing-great-backend.zip"
  }
}